﻿Name,Vitamin_A,Vitamin_C,iron,carbohydrate,cholestrol
apple,1,7,0,14,0
banana,1,14,1,23,0
grapes,2,6,1,17,0
oranges,4,88,0,12,0
coconut,0,4,8,6,0
strawberry,0,97,2,8,0
mango,21,60,1,15,0
kiwi,1,154,1,15,0
peach,6,11,1,10,0
milk,0,0,0,5,5
butter,49,0,0,0.1,215
butter milk,0,1,0,4.8,4
ice cream,8,1,0,24,44
chocolate,1,0,44,61,8
yogurt,0,0,0,3.6,5
tomato,16,22,1,3.9,0
spinach,3,1,12,7,0
cabbage,1,60,2,6,0
potato,0,32,4,17,6
onion,0,12,1,9,1
garlic,0,35,9,12,0
cucumber,14,3,7,18,0
corn,5,7,3,22,0
egg,10,0,6,1.1,373
wheat flour,0,0,19,72,6
rice,0,0,2,23,0
oil,0,0,0,0,100
maida,0,0,24,18,22
bread,0,0,15,49,4
